PolicyExecTime,EnvExecTime,ProcessExecTime,Iteration,AverageDiscountedReturn,AverageReturn,ExplainedVariance,NumTrajs,Entropy,Perplexity,StdReturn,MaxReturn,MinReturn,AveragePolicyStd,LossBefore,LossAfter,MeanKLBefore,MeanKL,dLoss,Time,ItrTime
0.3477482795715332,0.09417867660522461,0.01980876922607422,0,-501.90928281530904,-1118.8082724573474,5.014877402231832e-13,10,1.4189383,4.1327305,88.73291055601736,-1029.736237336616,-1346.0389285856656,1.0,3.3378602104505717e-09,-0.003995226696133614,0.0,0.006438945420086384,0.003995230033993824,1.3552460670471191,1.355257272720337
0.3258955478668213,0.09220099449157715,0.020348310470581055,1,-508.9855080221546,-1146.9754142912836,0.9220037704732228,10,1.4123625,4.1056433,132.50988060924766,-1002.5194880972643,-1518.9249986220716,0.9934455,-9.536743617033494e-10,-0.009255451150238514,0.0,0.006710088811814785,0.009255450196564152,1.876960039138794,0.518578290939331
0.32706332206726074,0.09147763252258301,0.02035832405090332,2,-500.7635115958945,-1135.0137273647938,0.9043419277013449,10,1.4084779,4.0897255,203.06218859766636,-900.3295028509535,-1540.250691862604,0.9895942,1.7404556018618678e-08,-0.01600862480700016,0.0,0.009441168047487736,0.01600864221155618,2.3931119441986084,0.5134022235870361
0.3187379837036133,0.08921456336975098,0.020342111587524414,3,-471.56641691427956,-1051.032007315061,0.8982477784911793,10,1.4326649,4.18985,130.35996835947824,-889.7404828660456,-1362.5889435200759,1.0138209,7.748603980672897e-10,-0.010361598804593086,0.0,0.007656840141862631,0.010361599579453484,2.9005770683288574,0.5045182704925537
0.31610846519470215,0.0882871150970459,0.019933700561523438,4,-464.6638099477308,-1061.4255930960585,0.9257104545833063,10,1.4500726,4.2634244,78.96699924716062,-895.8612465347612,-1177.8937175022943,1.0316237,5.006790093631253e-09,-0.007816317491233349,0.0,0.00970503967255354,0.007816322498023442,3.40602707862854,0.5027122497558594
0.32559704780578613,0.08983898162841797,0.02001357078552246,5,-462.1723288916254,-1036.6697730801948,0.921619603022869,10,1.4331106,4.1917176,85.58920351112522,-899.8448155629857,-1149.0346121993978,1.0142728,1.3768673312597457e-08,-0.015761731192469597,0.0,0.007427330128848553,0.01576174496114291,3.922571897506714,0.5138239860534668
